Edad;ViajesNegocio;PermaneceEnEmpresa;Distancia_casa;ID_empleado;Satisfacción_ambiente;Genero;Compromiso;Satisfaccion_trabajo;Estado_civil;Ingreso_mensual;SobreTiempo;Horas_Produccion;Bonos;Años_trabajando;Años_Compañia;Años_Rol_Actual;Años_Actual_Jefe
29;Pocos;NO;5;471;3;Hombre;1;3;Soltero;2140;Si;80;0;7;6;1;0
30;Frecuentes;NO;8;1747;3;Mujer;2;4;Divorciado;2180;No;80;1;6;4;2;2
58;Pocos;NO;2;825;4;Hombre;3;2;Soltero;19246;Si;80;0;40;31;15;8
33;Pocos;NO;2;328;1;Mujer;3;1;Casado;2707;No;80;0;13;9;7;7
26;Pocos;NO;25;55;1;Hombre;1;3;Soltero;2293;No;80;0;1;1;0;1
19;Pocos;NO;4;1446;2;Mujer;3;2;Soltero;1369;No;80;0;1;0;0;0
35;Frecuentes;NO;12;1667;4;Hombre;3;4;Soltero;4581;Si;80;0;13;11;9;7
22;Frecuentes;NO;3;1203;3;Hombre;2;4;Casado;2853;Si;80;1;1;0;0;0
47;Nunca;NO;29;376;1;Hombre;3;2;Casado;11849;Si;80;1;10;10;7;9
40;Pocos;NO;7;1649;1;Hombre;3;1;Soltero;2166;Si;80;0;10;4;2;3
19;Nunca;NO;10;1248;1;Mujer;2;2;Soltero;1859;Si;80;0;1;1;1;0
28;Nunca;NO;24;1082;2;M;2;1;Soltero;8722;No;80;0;10;10;7;9
28;Pocos;NO;5;65;3;Hombre;3;3;Soltero;3441;Si;80;0;2;2;2;2
29;Frecuentes;NO;13;1487;1;Mujer;3;2;Soltero;5765;No;80;0;7;5;3;0
55;Pocos;NO;13;1372;1;Hombre;4;3;Soltero;13695;Si;80;0;24;19;7;8
41;Pocos;NO;25;518;3;Hombre;4;3;Casado;6384;Si;80;1;8;6;4;3
32;Pocos;NO;1;1734;1;Hombre;1;2;Soltero;6735;No;80;0;10;0;0;0
31;Pocos;NO;3;1591;1;Mujer;3;4;Divorciado;2211;Si;80;1;2;3;1;2
40;Pocos;NO;8;1484;1;Mujer;2;4;Casado;9958;Si;80;1;11;8;8;4
24;Frecuentes;NO;7;647;1;Mujer;3;3;Casado;2886;Si;80;1;6;6;3;2
33;Pocos;NO;7;156;2;Hombre;1;3;Soltero;6083;Si;80;0;9;9;7;6
33;Pocos;NO;2;240;4;Hombre;2;4;Soltero;5903;Si;80;0;8;8;7;4
44;Pocos;NO;10;1200;3;Hombre;3;3;Soltero;2936;Si;80;0;6;6;4;2
29;Pocos;NO;7;1299;2;F;3;3;Divorciado;3339;Si;80;2;10;7;7;7
29;Frecuentes;NO;24;1868;4;Hombre;2;4;Soltero;2439;Si;80;0;1;1;0;0
29;Pocos;NO;9;1433;3;Mujer;3;4;Casado;7513;No;80;0;10;9;8;7
40;Frecuentes;NO;25;1473;1;Mujer;2;1;Soltero;4542;Si;80;0;19;10;5;7
36;Pocos;NO;16;1042;3;Mujer;4;1;Soltero;2743;No;80;0;18;17;13;14
32;Pocos;NO;2;1612;3;Mujer;1;3;Soltero;1382;No;80;0;1;1;0;0
32;Pocos;NO;1;331;4;Hombre;2;3;Soltero;3730;Si;80;0;4;3;2;2
34;Pocos;NO;17;647;4;Mujer;3;3;Casado;4499;No;80;1;6;4;2;1
33;Pocos;NO;16;819;1;Mujer;3;1;Soltero;5324;No;80;0;6;3;2;2
50;Pocos;NO;3;47;1;Hombre;2;3;Casado;2683;Si;80;0;3;3;2;2
32;Pocos;NO;7;1309;4;Hombre;3;3;Casado;4883;No;80;1;10;10;4;1
24;Pocos;NO;22;1714;4;Hombre;1;3;Casado;1555;No;80;1;1;1;0;0
37;Frecuentes;NO;10;316;3;M;3;3;Soltero;9754;No;80;0;17;4;4;6
35;Pocos;NO;4;1100;4;Hombre;3;1;Soltero;9582;Si;80;0;9;8;7;7
20;Pocos;NO;10;701;4;Hombre;3;3;Soltero;1009;Si;80;0;1;1;;1
41;Pocos;NO;12;976;3;Hombre;2;1;Soltero;5155;No;80;0;10;2;5;3
23;Pocos;NO;8;1684;4;Hombre;2;3;Soltero;3989;Si;80;0;5;5;4;2
42;Frecuentes;NO;3;1149;3;M;3;4;Soltero;12333;Si;80;2;22;19;8;6
31;Frecuentes;NO;20;587;1;Hombre;3;3;Casado;9824;No;80;0;12;1;0;0
53;Pocos;NO;2;1572;3;Mujer;2;4;Casado;10169;No;80;1;34;33;7;9
22;Pocos;NO;7;1878;4;Hombre;3;2;Soltero;2472;Si;80;0;1;1;0;0
55;Pocos;NO;2;842;3;Hombre;3;4;Soltero;5160;No;80;0;12;9;7;3
29;Pocos;NO;1;2027;1;Hombre;3;4;Casado;4787;Si;80;3;4;2;2;2
30;Pocos;NO;15;1236;4;Mujer;3;2;Soltero;2221;Si;80;0;3;3;0;2
21;Pocos;NO;18;923;4;Mujer;3;4;Soltero;2693;No;80;0;1;1;0;0
34;Pocos;NO;18;1031;3;Mujer;4;3;Soltero;2733;Si;80;0;1;6;12;6
28;Pocos;NO;9;1202;3;Hombre;2;3;Soltero;2907;No;80;0;4;3;2;0
44;Pocos;NO;3;1284;3;Hombre;2;1;Casado;10299;No;80;0;27;11;6;7
44;Frecuentes;NO;1;1792;3;Hombre;3;2;Divorciado;2342;Si;80;3;6;5;3;3
32;Pocos;NO;11;1922;2;Hombre;2;2;Soltero;2397;Si;80;1;7;4;1;1
23;Pocos;NO;5;784;3;Hombre;4;1;Soltero;1533;Si;80;2;1;0;0;0
23;Pocos;NO;6;811;3;Hombre;4;1;Casado;1601;Si;80;2;1;0;0;0
26;Frecuentes;NO;2;1053;1;Hombre;3;1;Casado;2042;Si;80;1;6;3;2;2
28;Frecuentes;NO;1;1111;1;Hombre;2;2;Divorciado;2596;No;80;2;1;1;0;0
25;Pocos;NO;4;504;1;Mujer;3;1;Soltero;4077;Si;80;0;7;4;3;3
29;Pocos;NO;23;1165;4;Mujer;2;1;Casado;7336;No;80;1;11;11;8;10
52;Pocos;NO;5;1319;2;Hombre;3;2;Soltero;8446;Si;80;0;10;8;7;7
38;Pocos;NO;2;21;4;Hombre;2;3;Soltero;2087;Si;80;1;18;1;0;0
35;Pocos;NO;2;1569;1;Mujer;3;1;Divorciado;2074;Si;80;1;1;1;0;0
22;Pocos;NO;3;926;2;Mujer;3;3;Casado;4171;Si;80;1;4;3;2;2
36;Pocos;NO;8;13;4;Hombre;2;3;Soltero;2043;Si;80;0;6;0;1;1
30;Frecuentes;NO;12;648;2;Hombre;2;1;Casado;2033;No;80;1;1;1;0;0
41;Pocos;NO;20;248;2;Mujer;3;2;Soltero;3140;Si;80;0;4;4;3;2
37;Frecuentes;NO;10;342;1;Hombre;3;3;Divorciado;10048;No;80;2;17;1;0;0
39;Pocos;NO;6;1585;1;Mujer;3;1;Divorciado;2147;Si;80;1;5;3;0;1
35;Pocos;NO;15;1645;1;Hombre;1;4;Divorciado;5440;Si;80;2;7;2;2;2
20;Pocos;NO;11;1016;4;Mujer;2;1;Soltero;2600;Si;80;0;1;1;0;0
49;Frecuentes;NO;28;1420;1;Hombre;2;1;Soltero;4284;No;80;0;20;4;3;3
52;Pocos;NO;2;1038;1;Mujer;1;4;Casado;19845;No;80;1;33;32;14;9
31;Pocos;NO;16;1761;1;Hombre;3;3;Casado;8161;No;80;3;10;1;0;0
44;Pocos;NO;15;1295;1;Mujer;3;4;Casado;7978;No;80;1;10;10;7;5
46;Pocos;NO;9;1457;1;Hombre;3;4;Divorciado;10096;No;80;1;28;7;7;3
33;Pocos;NO;1;780;4;Hombre;3;4;Soltero;2686;Si;80;0;10;10;9;8
27;Pocos;NO;23;1037;2;Hombre;1;1;Soltero;4952;No;80;0;13;1;2;0
35;Pocos;NO;14;1535;4;Hombre;3;3;Soltero;4593;Si;80;1;11;10;7;5
30;Pocos;NO;22;1004;1;Mujer;3;3;Casado;2132;Si;80;0;7;5;2;1
40;Pocos;NO;22;492;3;Hombre;2;3;Casado;6380;Si;80;2;8;6;4;0
28;Pocos;NO;3;557;3;Hombre;3;1;Soltero;3322;Si;80;0;9;7;8;7
21;Pocos;NO;10;1079;3;Mujer;2;1;Soltero;1416;No;80;0;1;1;0;0
49;Pocos;NO;11;840;3;Mujer;3;4;Casado;7654;No;80;2;9;9;8;7
40;Pocos;NO;9;1534;4;Hombre;3;1;Soltero;2018;No;80;0;15;5;4;0
33;Frecuentes;NO;29;1101;1;Mujer;2;3;Soltero;4508;No;80;0;14;13;7;8
30;Pocos;NO;19;558;1;Hombre;3;1;Soltero;4111;No;80;2;5;1;1;2
47;Frecuentes;NO;9;1716;3;Hombre;1;3;Casado;12936;No;80;0;25;23;5;10
33;Pocos;NO;25;1108;1;Hombre;2;2;Soltero;2313;Si;80;0;5;2;2;2
29;Pocos;NO;9;1752;2;Mujer;1;2;Soltero;2760;No;80;0;2;2;2;2
25;Frecuentes;NO;24;1273;3;Hombre;1;4;Soltero;1118;Si;80;0;1;1;0;0
28;Pocos;NO;24;1604;3;Hombre;3;2;Casado;2408;Si;80;3;1;1;1;0
20;Pocos;NO;9;1097;4;Mujer;2;2;Soltero;2600;No;80;2;1;1;0;0
31;Pocos;NO;20;175;2;Mujer;1;3;Casado;4559;Si;80;1;4;2;2;2
42;Pocos;NO;21;1543;4;Hombre;3;2;Soltero;9060;Si;80;0;9;9;6;5
41;Nunca;NO;5;1210;1;Hombre;2;1;Divorciado;2107;No;80;1;5;1;0;0
25;Pocos;NO;9;1439;1;Hombre;2;1;Casado;4400;No;80;0;6;3;2;2
32;Nunca;NO;11;631;4;Hombre;4;3;Casado;4707;No;80;0;6;4;2;2
28;Pocos;NO;24;19;3;Hombre;2;3;Soltero;2028;Si;80;0;6;4;2;3
45;Frecuentes;NO;15;1080;2;Hombre;4;3;Soltero;13684;Si;80;0;18;15;7;8
44;Pocos;NO;3;1333;1;Hombre;3;1;Casado;2362;No;80;0;10;3;2;2
26;Pocos;NO;16;394;1;Hombre;3;2;Divorciado;2373;Si;80;1;5;3;2;2
32;Pocos;NO;21;1042;2;Mujer;2;3;Soltero;4398;No;80;0;11;6;3;8
23;Pocos;NO;7;1702;3;Hombre;3;4;Divorciado;2275;Si;80;1;3;3;2;2
57;Frecuentes;NO;23;435;2;Hombre;3;1;Casado;10016;No;80;3;33;16;4;3
18;Frecuentes;NO;5;614;2;Hombre;3;2;Soltero;1878;Si;80;0;0;0;0;0
25;Pocos;NO;19;952;3;Hombre;2;2;Casado;2413;Si;80;3;1;1;0;0
35;Pocos;NO;14;1010;3;Hombre;2;2;Divorciado;3743;Si;80;1;5;4;2;2
23;Pocos;NO;10;1644;3;Hombre;3;2;Casado;2401;Si;80;3;1;1;1;0
42;Pocos;NO;19;1319;3;Hombre;2;2;Soltero;8576;Si;80;0;10;5;4;2
36;Pocos;NO;13;1038;1;Hombre;2;3;Soltero;4788;No;80;0;13;1;0;0
48;Pocos;NO;1;64;1;Hombre;2;3;Soltero;5381;Si;80;0;23;1;0;0
25;Pocos;NO;3;538;1;Hombre;3;1;Casado;4031;No;80;1;6;2;2;2
41;Pocos;NO;12;58;2;Mujer;3;3;Casado;19545;No;80;0;23;22;15;8
28;Pocos;NO;8;72;3;Hombre;2;3;Soltero;3429;Si;80;1;2;1;1;2
47;Frecuentes;NO;27;785;2;Mujer;4;3;Soltero;6397;Si;80;0;8;5;4;3
58;Pocos;NO;2;977;4;Hombre;3;3;Soltero;2479;No;80;0;7;1;0;0
37;Pocos;NO;2;4;4;Hombre;2;3;Soltero;2090;Si;80;0;7;0;0;0
37;Pocos;NO;10;1809;4;Hombre;;1;Soltero;4213;No;80;0;10;10;3;8
34;Frecuentes;NO;7;147;1;Hombre;1;3;Soltero;6074;Si;80;0;9;9;7;6
44;Pocos;NO;1;1098;2;Hombre;2;1;Casado;10482;No;80;1;24;20;6;6
20;Frecuentes;NO;9;1077;4;Mujer;3;4;Soltero;2323;Si;80;0;2;2;2;2
34;Frecuentes;NO;9;1807;4;Hombre;3;1;Casado;5346;No;80;1;11;7;1;7
26;Pocos;NO;20;1818;4;Mujer;3;2;Casado;2148;Si;80;0;6;5;1;4
23;Frecuentes;NO;9;2023;4;Hombre;3;1;Casado;1790;No;80;1;1;1;0;0
27;Frecuentes;NO;22;1944;1;Mujer;2;2;Casado;2863;No;80;0;1;1;0;0
31;Pocos;NO;13;533;2;Hombre;3;2;Soltero;3189;Si;80;0;6;2;3;4
38;Pocos;NO;29;282;2;Hombre;3;1;Casado;6673;Si;80;0;17;1;0;0
31;Pocos;NO;14;1429;2;Mujer;3;4;Soltero;8053;Si;80;1;9;2;3;3
56;Pocos;NO;14;161;2;Mujer;3;2;Casado;4963;Si;80;3;7;5;4;3
21;Frecuentes;NO;1;478;1;Mujer;2;2;Soltero;2174;Si;80;0;3;3;2;2
50;Frecuentes;NO;8;723;2;Hombre;3;3;Casado;6796;Si;80;1;18;4;3;3
50;Frecuentes;NO;1;1113;4;Hombre;3;3;Soltero;4728;Si;80;0;5;0;0;0
29;Pocos;NO;18;315;3;Hombre;2;4;Soltero;2389;Si;80;0;4;4;3;1
20;Pocos;NO;2;922;3;Mujer;2;3;Soltero;2044;No;80;0;2;2;2;2
36;Pocos;NO;9;27;3;Hombre;2;1;Soltero;3407;No;80;0;10;5;3;3
30;Pocos;NO;1;1562;2;Hombre;2;1;Casado;9714;No;80;1;10;10;8;7
39;Pocos;NO;28;542;2;Hombre;4;2;Casado;6625;Si;80;0;9;3;2;2
32;Pocos;NO;13;1867;1;Hombre;3;1;Casado;5528;Si;80;0;11;8;3;8
30;Pocos;NO;4;555;4;Mujer;3;3;Soltero;5255;No;80;0;9;1;3;1
46;Pocos;NO;21;403;2;Hombre;1;3;Casado;10622;No;80;2;13;4;2;3
30;Frecuentes;NO;4;514;3;Hombre;3;4;Soltero;2285;Si;80;0;3;1;0;0
28;Pocos;NO;2;828;3;Hombre;3;3;Soltero;4382;No;80;0;5;2;2;1
44;Pocos;NO;9;1034;2;Mujer;1;3;Soltero;19405;Si;80;0;26;23;12;8
40;Pocos;NO;25;1318;4;Hombre;2;2;Soltero;9094;Si;80;0;9;5;4;0
40;Frecuentes;NO;9;252;4;Hombre;1;4;Casado;10327;No;80;1;20;20;9;7
25;Pocos;NO;4;1106;4;Hombre;3;4;Casado;3691;Si;80;1;7;7;7;6
32;Pocos;NO;25;911;1;Hombre;3;4;Soltero;2795;Si;80;0;1;1;0;1
48;Frecuentes;NO;7;1691;4;Mujer;3;3;Casado;2655;Si;80;2;19;9;7;7
37;Pocos;NO;6;133;3;Hombre;3;1;Divorciado;2073;Si;80;0;7;3;2;2
33;Pocos;NO;5;485;4;Mujer;3;3;Soltero;2851;Si;80;0;1;1;0;0
36;Pocos;NO;15;1052;1;Hombre;3;3;Divorciado;4834;No;80;1;9;1;0;0
29;Pocos;NO;9;994;4;Hombre;2;1;Soltero;2338;Si;80;0;3;0;0;1
30;Pocos;NO;9;1876;2;Hombre;3;4;Soltero;1081;No;80;0;1;1;0;0
30;Pocos;NO;4;1523;2;Hombre;3;1;Soltero;4166;No;80;0;6;7;2;6
33;Pocos;NO;9;1157;1;Mujer;3;1;Soltero;8224;Si;80;0;6;5;2;3
27;Pocos;NO;2;930;1;Mujer;1;3;Soltero;2823;Si;80;0;9;1;2;0
29;Pocos;NO;8;454;2;Hombre;1;1;Casado;2119;Si;80;0;7;7;7;7
34;Frecuentes;NO;6;555;4;Mujer;1;3;Divorciado;2351;No;80;1;3;2;2;0
39;Frecuentes;NO;2;1127;1;Hombre;3;4;Divorciado;12169;No;80;3;21;18;7;5
40;Nunca;NO;24;986;2;Mujer;4;2;Soltero;13194;Si;80;0;22;1;0;0
28;Pocos;NO;12;1175;3;Mujer;3;4;Casado;2515;Si;80;0;1;1;1;0
31;Pocos;NO;6;163;2;Hombre;1;3;Casado;6172;Si;80;0;12;7;7;7
31;Frecuentes;NO;1;1331;4;Mujer;3;2;Soltero;2302;Si;80;0;3;3;2;2
39;Pocos;NO;5;42;4;Hombre;3;4;Casado;2086;No;80;1;19;1;0;0
29;Frecuentes;NO;14;1421;3;Mujer;3;4;Soltero;7553;Si;80;0;9;8;7;7
24;Pocos;NO;6;854;4;Mujer;3;4;Soltero;2686;Si;80;0;9;2;1;6
31;Frecuentes;NO;1;1459;3;Mujer;4;2;Soltero;7446;No;80;0;10;10;8;7
35;Pocos;NO;23;261;2;Hombre;2;3;Casado;5916;Si;80;0;8;1;0;1
46;Pocos;NO;9;118;3;Hombre;2;4;Soltero;9619;No;80;0;9;9;8;7
39;Pocos;NO;9;1202;2;Hombre;3;3;Soltero;3271;Si;80;1;7;7;7;6
35;Pocos;NO;10;1639;4;Hombre;2;1;Casado;10306;No;80;0;15;13;12;0
26;Frecuentes;NO;3;510;3;Hombre;3;1;Soltero;3102;No;80;0;7;6;4;4
23;Pocos;NO;4;248;3;Hombre;2;2;Soltero;2359;Si;80;0;2;2;1;2
21;Pocos;NO;8;1473;1;Mujer;3;3;Soltero;1378;No;80;0;0;0;0;0
24;Pocos;NO;3;720;1;Mujer;3;3;Soltero;4577;No;80;0;4;2;2;0
39;Pocos;NO;23;423;3;Hombre;2;2;Casado;6528;Si;80;2;8;6;3;0
33;Pocos;NO;7;1489;2;Mujer;2;2;Soltero;2610;Si;80;0;2;1;2;1
21;Frecuentes;NO;10;1279;1;Mujer;2;3;Soltero;2625;No;80;0;2;2;2;2
18;Pocos;NO;3;405;3;Hombre;3;3;Soltero;1420;No;80;0;0;0;0;0
30;Pocos;NO;3;297;4;Mujer;3;1;Soltero;2657;Si;80;0;8;5;2;4
35;Pocos;NO;27;1797;3;Hombre;3;4;Soltero;5813;Si;80;0;10;10;7;7
33;Pocos;NO;14;325;3;Hombre;3;4;Casado;2436;Si;80;1;8;5;4;4
26;Pocos;NO;4;401;4;Hombre;2;4;Soltero;5828;Si;80;0;8;8;7;4
32;Frecuentes;NO;16;33;2;Mujer;1;1;Soltero;3919;Si;80;0;10;10;2;7
27;Pocos;NO;20;1104;4;Mujer;2;3;Soltero;2390;Si;80;0;2;0;1;0
58;Pocos;NO;23;165;4;Mujer;3;4;Casado;10312;No;80;1;40;40;10;6
25;Pocos;NO;8;829;2;Mujer;2;2;Casado;2332;Si;80;2;1;1;0;0
31;Pocos;NO;8;1433;1;Mujer;2;2;Soltero;1261;No;80;0;1;1;0;0
26;Pocos;NO;14;864;3;Hombre;2;3;Casado;2400;Si;80;3;2;5;0;2
31;Frecuentes;NO;21;588;1;Hombre;3;2;Soltero;9929;No;80;1;12;2;2;1
35;Pocos;NO;13;222;3;Hombre;2;2;Soltero;3446;Si;80;0;4;4;2;4
27;Pocos;NO;17;1405;4;Mujer;3;3;Soltero;2394;Si;80;0;8;8;2;7
44;Pocos;NO;9;192;2;Mujer;2;3;Soltero;2670;Si;80;1;5;3;3;4
33;Frecuentes;NO;3;702;1;Hombre;3;1;Soltero;3348;Si;80;0;10;10;8;7
27;Pocos;NO;19;622;1;Mujer;1;3;Soltero;2270;Si;80;0;7;2;1;6
50;Pocos;NO;28;2055;4;Hombre;2;1;Divorciado;10854;Si;80;1;20;3;2;0
28;Pocos;NO;13;1933;4;Mujer;3;3;Soltero;9854;Si;80;0;6;2;0;2
31;Nunca;NO;9;991;3;Hombre;2;1;Soltero;2321;Si;80;0;4;3;2;2
24;Frecuentes;NO;10;1097;3;Mujer;2;4;Soltero;2839;No;80;1;14;14;3;13
18;Nunca;NO;8;1156;3;Hombre;3;3;Soltero;1904;No;80;0;0;0;0;0
31;Pocos;NO;13;650;2;Hombre;3;1;Divorciado;4233;No;80;0;9;3;1;2
37;Pocos;NO;16;1770;3;Hombre;3;2;Soltero;2417;Si;80;1;2;1;0;0
36;Pocos;NO;9;90;4;Hombre;2;3;Casado;3388;Si;80;1;2;1;0;0
41;Pocos;NO;1;1;2;Mujer;3;4;Soltero;5993;Si;80;0;8;6;4;5
31;Frecuentes;NO;26;1967;1;Hombre;3;4;Casado;5617;Si;80;0;10;10;7;8
31;Pocos;NO;15;1533;1;Hombre;2;2;Soltero;5707;Si;80;1;7;4;3;2
25;Pocos;NO;16;994;3;Mujer;2;2;Soltero;2066;Si;80;1;2;2;2;1
48;Pocos;NO;18;961;4;Hombre;2;3;Soltero;2429;Si;80;1;2;1;0;0
30;Pocos;NO;23;1088;2;Mujer;3;2;Soltero;2322;Si;80;0;3;2;2;2
32;Pocos;NO;12;1087;2;Mujer;2;2;Soltero;2322;Si;80;0;4;2;2;2
28;Pocos;NO;25;575;3;Mujer;1;3;Soltero;2484;No;80;0;1;2;2;1
28;Pocos;NO;1;741;1;Mujer;1;2;Soltero;2216;Si;80;0;10;7;7;7
39;Pocos;NO;23;1310;3;Hombre;3;1;Soltero;3904;No;80;0;6;5;2;3
31;Frecuentes;NO;2;1379;3;Mujer;2;4;Soltero;2785;No;80;0;3;1;0;0
37;Pocos;NO;11;1033;1;Mujer;1;2;Casado;4777;No;80;0;15;1;0;0
29;Pocos;NO;10;994;4;Mujer;2;1;Soltero;2404;Si;80;0;3;0;0;0
32;Frecuentes;NO;5;1939;1;Mujer;4;3;Soltero;2432;Si;80;0;8;4;1;3
34;Pocos;NO;24;1489;1;F;2;2;Soltero;4599;Si;80;0;16;15;9;10
41;Pocos;NO;2;927;2;F;1;4;Divorciado;2778;Si;80;1;10;7;7;0
25;Pocos;NO;5;142;3;Hombre;2;3;Soltero;5744;Si;80;0;6;6;4;3
29;Pocos;NO;3;1415;3;Hombre;2;1;Soltero;3649;Si;80;1;9;5;2;4
36;Pocos;NO;2;1825;1;Hombre;2;2;Casado;2339;Si;80;3;5;5;3;0
27;Pocos;NO;2;667;3;Hombre;3;1;Divorciado;3041;No;80;1;5;4;3;2
30;Frecuentes;NO;5;1017;2;Mujer;3;2;Soltero;2422;No;80;0;4;3;2;2
27;Pocos;NO;13;1832;4;Mujer;3;2;Casado;2934;No;80;0;2;1;0;0
45;Pocos;NO;4;1167;1;Hombre;2;4;Casado;10295;Si;80;1;17;8;7;6
52;Pocos;NO;8;433;3;Hombre;2;2;Casado;4941;No;80;0;11;8;2;7
39;Pocos;NO;3;445;4;Mujer;3;3;Casado;5238;Si;80;0;12;1;0;0
24;Pocos;NO;3;175;3;Hombre;3;3;Soltero;1891;Si;80;0;1;5;1;1
27;Pocos;NO;5;620;2;Hombre;2;3;Casado;4084;No;80;0;5;3;2;2
19;Pocos;NO;2;566;1;Hombre;2;4;Soltero;2564;No;80;0;1;1;0;0
39;Pocos;NO;27;436;2;Hombre;3;1;Soltero;6556;Si;80;1;12;5;3;0
32;Pocos;NO;2;1692;4;Hombre;3;2;Soltero;1393;No;80;0;1;1;0;0
23;Pocos;NO;4;407;1;Hombre;3;2;Soltero;2366;Si;80;0;3;3;2;2
20;Pocos;NO;4;960;1;Hombre;3;1;Soltero;2973;No;80;0;1;1;0;0
31;Frecuentes;NO;2;1464;2;Hombre;3;4;Casado;3722;Si;80;1;7;2;2;2
56;Pocos;NO;24;1907;1;Hombre;3;4;Soltero;2587;No;80;0;5;4;2;0
58;Pocos;NO;7;1360;3;Mujer;2;1;Casado;10008;Si;80;0;31;10;9;9
44;Pocos;NO;2;1142;2;Mujer;3;2;Soltero;15426;Si;80;1;23;30;10;13
31;Frecuentes;NO;3;1537;4;Mujer;3;3;Soltero;4084;No;80;0;7;7;2;7
34;Pocos;NO;6;31;2;Hombre;3;1;Soltero;2960;No;80;0;8;4;2;3
36;Pocos;NO;21;1966;1;Hombre;3;1;Soltero;10430;Si;80;0;9;2;1;2
45;Frecuentes;NO;26;684;1;Mujer;3;1;Casado;4286;No;80;2;5;1;1;0
21;Pocos;NO;7;1780;2;Hombre;3;2;Soltero;2679;No;80;0;1;1;0;0
29;Pocos;NO;1;896;2;Mujer;2;3;Divorciado;2800;Si;80;3;5;3;2;2
30;Frecuentes;NO;26;299;3;Mujer;2;1;Soltero;6696;No;80;0;9;6;3;1
26;Pocos;NO;3;909;4;Mujer;3;3;Casado;2042;Si;80;1;4;9;2;4
22;Pocos;NO;8;1783;3;Mujer;3;1;Casado;2398;Si;80;0;1;1;0;0
41;Frecuentes;NO;4;488;1;Hombre;3;2;Soltero;9355;No;80;0;8;8;7;7
28;Pocos;NO;2;440;1;Hombre;1;4;Casado;3464;Si;80;0;5;3;2;2
28;Frecuentes;NO;1;1486;1;Hombre;3;3;Casado;2909;No;80;1;5;3;2;2
39;Pocos;NO;6;932;4;Hombre;3;1;Casado;2404;Si;80;0;8;2;2;2
26;Nunca;NO;29;1037;2;Hombre;1;1;Soltero;4969;No;80;0;7;2;2;2
25;Pocos;NO;5;561;1;Hombre;2;4;Soltero;3240;Si;80;2;8;4;3;4
36;Pocos;NO;13;1733;2;Hombre;2;1;Divorciado;6134;Si;80;3;16;2;2;2
36;Pocos;NO;3;967;3;Hombre;2;4;Casado;10325;Si;80;1;16;16;7;7
29;Pocos;NO;25;565;3;Mujer;2;2;Casado;2546;No;80;0;6;2;2;1
22;Frecuentes;NO;4;593;3;Hombre;2;3;Soltero;3894;No;80;0;4;2;2;2
31;Pocos;NO;2;1352;1;Mujer;3;1;Soltero;2362;Si;80;0;11;4;2;6
50;Frecuentes;NO;1;2044;2;Hombre;3;3;Divorciado;6728;No;80;2;12;60;3;1
24;Pocos;NO;17;1219;4;Mujer;3;2;Casado;2210;No;80;1;1;1;0;0
34;Pocos;NO;26;1808;2;Hombre;3;4;Soltero;5661;Si;80;0;10;10;7;8
51;Pocos;NO;4;1081;1;Hombre;3;3;Casado;2461;Si;80;3;18;10;0;7
29;Pocos;NO;12;1166;3;Mujer;3;3;Casado;2583;Si;80;0;2;2;1;1
29;Pocos;NO;1;816;2;Mujer;2;1;Casado;2319;Si;80;1;1;1;0;0
30;Pocos;NO;3;163;3;Hombre;3;2;Soltero;2067;Si;80;0;7;4;2;2
33;Pocos;NO;27;1886;2;Hombre;3;4;Soltero;5801;Si;80;0;10;10;7;7
26;Frecuentes;NO;17;608;2;Mujer;3;3;Divorciado;2741;Si;80;1;8;7;7;0
24;Pocos;NO;1;45;2;Hombre;3;4;Casado;2293;Si;80;1;6;2;0;0
29;Pocos;NO;1;300;3;Hombre;3;3;Soltero;2058;No;80;0;7;6;2;5
37;Pocos;NO;23;1564;3;Mujer;3;2;Soltero;8573;Si;80;0;10;3;4;0
39;Nunca;NO;2;1458;1;Mujer;2;1;Soltero;3646;Si;80;0;11;1;0;0
31;Frecuentes;NO;15;1160;3;Hombre;3;3;Casado;2610;No;80;1;2;2;2;2
50;Pocos;NO;8;1169;1;Hombre;4;4;Casado;13128;Si;80;1;22;19;7;7
32;Pocos;NO;4;525;1;Hombre;1;4;Soltero;3413;Si;80;2;7;4;2;2
33;Frecuentes;NO;5;1455;2;Mujer;2;3;Soltero;2777;No;80;0;2;1;1;0
26;Pocos;NO;24;622;3;Hombre;1;4;Soltero;2340;Si;80;0;1;1;0;0
33;Pocos;NO;6;1143;3;Hombre;2;3;Casado;3729;Si;80;1;5;3;2;2
19;Pocos;NO;22;167;4;Hombre;3;3;Soltero;1675;Si;80;0;0;0;0;0
35;Frecuentes;NO;25;881;4;Mujer;3;2;Divorciado;2022;Si;80;1;10;10;2;8
25;Pocos;NO;7;54;1;Hombre;1;4;Soltero;2293;Si;80;0;3;1;0;0
45;Pocos;NO;2;1277;1;Mujer;1;2;Soltero;18824;Si;80;0;26;24;10;11
26;Pocos;NO;21;1107;1;Hombre;3;3;Divorciado;2377;No;80;1;1;1;1;0
39;Pocos;NO;10;409;2;Mujer;3;3;Casado;4974;Si;80;3;8;3;0;2
32;Pocos;NO;9;190;1;Mujer;3;1;Soltero;4200;No;80;0;10;5;4;4
20;Pocos;NO;14;997;4;Mujer;2;2;Soltero;2678;Si;80;0;1;1;0;0
35;Pocos;NO;5;1420;2;Mujer;3;2;Casado;7975;No;80;1;10;10;7;6
56;Pocos;NO;7;2032;4;Hombre;3;3;Casado;2339;No;80;1;14;10;9;8
29;Frecuentes;NO;24;1928;3;Hombre;4;1;Soltero;1091;No;80;0;1;1;0;0
32;Pocos;NO;4;291;4;Hombre;1;4;Casado;10400;No;80;0;14;14;8;8
35;Frecuentes;NO;18;1380;4;Mujer;3;3;Casado;4614;Si;80;1;5;4;2;2
46;Pocos;NO;9;329;3;Mujer;3;2;Soltero;19481;Si;80;0;27;27;15;8
43;Pocos;NO;9;1188;1;Mujer;1;3;Soltero;5346;No;80;0;7;4;3;3
58;Frecuentes;NO;2;918;4;Hombre;2;4;Divorciado;2380;Si;80;1;3;1;0;0
38;Pocos;NO;2;1573;3;Hombre;3;2;Casado;4855;No;80;2;7;5;2;4
24;Pocos;NO;1;554;1;Mujer;3;2;Soltero;3202;Si;80;0;6;5;3;4
31;Frecuentes;NO;29;355;3;Hombre;2;2;Soltero;3479;No;80;0;6;5;4;4
34;Nunca;NO;16;1905;4;Hombre;1;1;Casado;2307;Si;80;1;5;5;2;0
34;Nunca;NO;19;502;1;Hombre;4;4;Soltero;5304;Si;80;0;9;5;2;4
42;Frecuentes;NO;19;752;3;Hombre;4;3;Divorciado;2759;Si;80;0;7;2;2;2
53;Pocos;NO;15;204;2;Hombre;3;4;Casado;10130;No;80;1;38;33;3;4
53;Pocos;NO;24;1968;1;Hombre;3;1;Soltero;10448;Si;80;0;15;2;2;2
36;Pocos;NO;21;1171;3;Hombre;3;2;Soltero;3878;Si;80;1;7;5;6;5
42;Pocos;NO;10;948;2;Mujer;3;3;Casado;7886;No;80;1;8;7;5;5
31;Pocos;NO;18;1842;4;Hombre;4;1;Casado;2956;No;80;0;2;1;0;0
28;Pocos;NO;2;364;1;Hombre;3;3;Soltero;3485;No;80;0;5;0;0;0
56;Pocos;NO;2;1205;1;Hombre;2;1;Casado;10522;No;80;0;21;11;3;7
28;Frecuentes;NO;2;1504;3;Hombre;2;1;Soltero;2561;No;80;0;8;0;0;0
44;Frecuentes;NO;24;392;4;Hombre;3;3;Divorciado;3161;Si;80;1;19;1;0;0
32;Pocos;NO;2;1862;3;Hombre;2;2;Soltero;9907;Si;80;0;7;2;2;2
41;Pocos;NO;6;690;3;Mujer;3;3;Soltero;2806;Si;80;1;6;2;3;2
43;Frecuentes;NO;17;1767;3;Hombre;2;3;Casado;2437;Si;80;1;6;1;0;0
26;Pocos;NO;8;796;4;Hombre;2;1;Soltero;5326;No;80;0;6;4;3;2
19;Frecuentes;NO;1;235;3;Mujer;1;1;Soltero;2325;No;80;0;1;0;0;0
20;Frecuentes;NO;5;508;1;Hombre;2;2;Casado;2173;Si;80;0;2;1;1;1
43;Pocos;NO;9;1768;3;Hombre;2;2;Soltero;2355;Si;80;1;6;4;3;1
32;Pocos;NO;11;232;3;Hombre;1;2;Soltero;3850;Si;80;0;7;7;2;7
33;Pocos;NO;11;459;4;Hombre;3;3;Casado;10243;No;80;2;13;8;8;5
56;Pocos;NO;12;425;3;Mujer;3;2;Soltero;4972;Si;80;2;10;4;4;1
33;Pocos;NO;16;1758;1;Mujer;3;1;Soltero;8564;Si;80;0;11;0;0;0
21;Pocos;NO;12;494;3;Mujer;4;2;Soltero;2716;No;80;0;1;1;0;0
29;Pocos;NO;27;283;2;Mujer;3;4;Casado;7639;No;80;3;10;10;4;9
19;Nunca;NO;7;1058;3;Mujer;2;3;Soltero;1973;Si;80;0;1;2;2;2
23;Pocos;NO;7;1020;3;Mujer;3;1;Soltero;1421;Si;80;1;1;1;0;0
31;Frecuentes;NO;1;1427;2;Mujer;1;3;Soltero;1359;No;80;0;1;1;0;0
51;Pocos;NO;13;1715;1;Hombre;2;1;Casado;10337;Si;80;0;15;12;9;0
26;Frecuentes;NO;5;848;3;Mujer;2;3;Casado;2366;Si;80;1;8;8;7;7
37;Pocos;NO;18;1554;2;Hombre;2;2;Soltero;4708;Si;80;0;15;10;4;9
29;Pocos;NO;6;1006;4;Hombre;3;1;Soltero;2406;Si;80;0;3;2;0;2
29;Pocos;NO;9;1910;3;Hombre;3;3;Casado;9868;No;80;0;7;2;1;2
49;Pocos;NO;4;1471;1;Hombre;2;4;Casado;10147;No;80;1;33;31;7;4
34;Pocos;NO;19;790;1;Hombre;3;2;Soltero;5320;No;80;0;7;3;2;2
37;Pocos;NO;1;970;1;Hombre;2;3;Casado;10609;No;80;0;17;14;1;7
48;Pocos;NO;5;1205;2;Mujer;2;2;Soltero;8528;Si;80;0;10;8;7;8
19;Pocos;NO;21;959;4;Hombre;2;2;Soltero;2121;Si;80;0;1;1;0;0
24;Frecuentes;NO;9;1494;2;Hombre;3;1;Soltero;3172;Si;80;0;4;0;0;0
31;Pocos;NO;22;1389;4;Hombre;3;3;Casado;6179;Si;80;2;10;10;2;7
20;Frecuentes;NO;6;137;4;Mujer;2;4;Soltero;2926;Si;80;0;1;1;0;0
33;Pocos;NO;15;582;2;Hombre;3;3;Casado;13610;Si;80;0;15;7;6;7
51;Frecuentes;NO;8;179;1;Hombre;1;4;Soltero;10650;No;80;0;18;4;2;3
34;Frecuentes;NO;23;590;2;Mujer;3;1;Divorciado;9950;Si;80;3;11;3;2;2
32;Pocos;NO;4;983;3;Hombre;2;2;Casado;2325;Si;80;1;4;2;1;1
46;Pocos;NO;10;1869;3;Mujer;3;2;Casado;7314;No;80;3;14;8;7;7
29;Pocos;NO;1;1522;1;Hombre;2;1;Soltero;2362;No;80;0;11;9;7;7
33;Pocos;NO;10;584;1;Hombre;1;4;Divorciado;3408;No;80;3;8;4;3;3
38;Pocos;NO;2;28;4;Hombre;2;3;Soltero;2090;Si;80;1;10;0;0;0
42;Frecuentes;NO;12;1167;3;Hombre;3;1;Soltero;13758;Si;80;0;22;21;9;14
29;Pocos;NO;13;1844;1;Hombre;2;1;Divorciado;2335;Si;80;3;4;2;2;0
19;Pocos;NO;2;243;2;Hombre;2;4;Soltero;1102;No;80;0;1;1;0;0
18;Frecuentes;NO;3;1624;2;Mujer;3;4;Soltero;1569;Si;80;0;0;0;0;0
44;Pocos;NO;22;1921;1;Mujer;3;3;Soltero;2678;No;80;0;2;1;0;0
46;Pocos;NO;21;1821;4;Mujer;3;2;Casado;8926;No;80;1;13;9;7;7
55;Pocos;NO;2;787;4;Hombre;3;1;Casado;19859;Si;80;1;24;5;2;4
34;Pocos;NO;9;1467;1;Mujer;3;3;Casado;2742;No;80;0;2;2;2;2
28;Pocos;NO;17;1960;3;Hombre;2;4;Divorciado;2367;No;80;1;6;4;1;3
35;Pocos;SI;4;53;3;Hombre;3;4;Divorciado;1951;No;80;1;1;1;0;0
46;Pocos;SI;1;1314;4;Mujer;3;1;Soltero;3423;No;80;0;10;7;6;7
42;Pocos;SI;1;387;2;Hombre;3;3;Casado;4907;No;80;0;20;20;16;6
36;Pocos;SI;2;1710;3;Mujer;;4;Soltero;4502;No;80;0;17;13;7;7
29;Pocos;SI;20;349;4;Hombre;3;4;Divorciado;6931;No;80;1;10;3;2;2
28;Frecuentes;SI;1;1286;4;Hombre;3;3;Soltero;2154;Si;80;0;5;4;2;2
45;Pocos;SI;29;192;3;Hombre;3;4;Soltero;3452;No;80;0;9;6;5;3
39;Nunca;SI;9;1132;3;Hombre;3;2;Soltero;6782;No;80;0;9;5;4;3
25;Nunca;SI;5;369;2;Hombre;4;1;Divorciado;4000;No;80;2;6;6;3;5
27;Pocos;SI;3;700;1;Hombre;2;4;Soltero;2045;No;80;0;5;4;2;1
35;Pocos;SI;2;49;4;Mujer;3;4;Casado;2014;No;80;0;2;2;2;2
31;Pocos;SI;7;416;2;Hombre;4;4;Casado;6929;No;80;1;10;8;7;7
52;Frecuentes;SI;25;867;3;Mujer;2;4;Casado;13826;No;80;0;31;9;8;0
25;Pocos;SI;8;2018;1;Mujer;3;3;Divorciado;4907;Si;80;1;6;5;3;4
28;Pocos;SI;1;1506;1;Hombre;2;3;Divorciado;1563;No;80;1;1;1;0;0
40;Pocos;SI;15;1628;1;Mujer;2;3;Casado;10435;No;80;2;18;18;15;12
29;Pocos;SI;19;611;4;Hombre;3;4;Divorciado;4262;No;80;2;8;3;2;2
35;Pocos;SI;7;1492;4;Hombre;3;3;Casado;2404;No;80;1;1;1;0;0
22;Pocos;SI;15;144;2;Mujer;3;4;Soltero;2871;No;80;0;1;0;0;0
53;Frecuentes;SI;2;1050;3;Mujer;2;2;Casado;7525;No;80;1;30;15;7;12
28;Frecuentes;SI;1;1927;3;Hombre;2;4;Casado;6834;Si;80;1;7;7;7;7
34;Nunca;SI;3;1115;3;Hombre;2;4;Casado;2979;No;80;3;6;0;0;0
53;Pocos;SI;6;205;2;Hombre;3;3;Casado;2306;Si;80;1;13;7;7;5
44;Pocos;SI;10;40;4;Hombre;3;4;Casado;6465;Si;80;0;9;4;2;3
35;Pocos;SI;22;577;4;Hombre;1;3;Soltero;4230;No;80;0;6;5;4;3
47;Pocos;SI;1;1438;1;Hombre;3;4;Casado;3420;No;80;1;17;6;5;2
35;Pocos;SI;1;1369;4;Mujer;2;4;Casado;5363;No;80;1;10;9;7;0
55;Pocos;SI;20;389;2;Hombre;3;4;Casado;5415;Si;80;1;12;10;7;8
27;Nunca;SI;8;1094;1;Hombre;1;3;Casado;4621;No;80;3;3;3;2;2
39;Ninguno;SI;25;1397;3;Hombre;3;3;Casado;10920;No;80;1;13;6;4;5
32;Pocos;SI;3;966;3;Mujer;3;1;Casado;6725;No;80;1;8;8;7;3
35;Pocos;SI;9;880;4;Mujer;2;3;Casado;10685;Si;80;1;17;17;14;15
34;Pocos;SI;1;1535;4;Hombre;2;3;Casado;7083;Si;80;0;10;100;9;6
35;Pocos;SI;28;1596;2;Hombre;4;3;Casado;3407;No;80;2;10;10;9;8
49;Pocos;SI;3;1509;3;Mujer;2;1;Casado;4789;No;80;1;10;3;2;2
39;Pocos;SI;3;760;3;Mujer;4;2;Casado;6389;No;80;1;12;8;3;6
56;Pocos;SI;8;241;3;Mujer;3;1;Divorciado;4257;Si;80;1;19;2;2;2
38;Frecuentes;SI;8;1937;4;Mujer;2;2;Divorciado;2133;Si;80;1;20;20;11;7
43;Pocos;SI;16;327;4;Mujer;3;4;Casado;16064;Si;80;1;22;17;13;9
55;Pocos;SI;4;1501;4;Hombre;3;3;Casado;4035;Si;80;0;4;3;2;2
29;Pocos;SI;10;463;4;Mujer;2;2;Divorciado;8268;Si;80;2;7;7;7;7
38;Pocos;SI;6;1782;4;Mujer;2;3;Casado;3702;No;80;1;5;5;4;4
46;Pocos;SI;2;38;2;Mujer;3;1;Soltero;18947;No;80;0;22;2;2;1
41;Ninguno;SI;7;1035;2;Mujer;;3;Divorciado;19973;No;80;2;21;21;16;10
34;Pocos;SI;10;1055;3;Mujer;3;3;Casado;2220;Si;80;1;1;1;1;0
42;Pocos;SI;4;319;3;Hombre;3;4;Casado;19232;No;80;0;22;22;17;15
38;Pocos;SI;7;709;4;Mujer;2;4;Soltero;4028;No;80;0;8;7;7;5
29;Pocos;SI;7;1260;3;Hombre;3;4;Divorciado;6623;Si;80;2;6;6;0;0
51;Frecuentes;SI;2;1391;2;Hombre;3;2;Casado;10596;No;80;0;14;4;2;2
41;Pocos;SI;28;2034;1;Mujer;2;2;Casado;13570;No;80;1;21;20;7;10
38;Pocos;SI;2;1355;2;Mujer;3;1;Divorciado;6893;No;80;1;11;7;7;7
48;Pocos;SI;4;1024;3;Hombre;2;3;Soltero;10999;No;80;0;27;15;11;8
36;Frecuentes;SI;18;286;2;Mujer;3;4;Soltero;2153;No;80;0;8;8;1;7
33;Pocos;SI;1;855;1;Hombre;4;1;Divorciado;4037;No;80;1;9;9;8;8
37;Pocos;SI;19;1631;3;Hombre;3;3;Casado;5768;No;80;3;9;4;3;2
25;Pocos;SI;19;1358;4;Hombre;3;4;Casado;3669;No;80;3;7;3;2;2
31;Nunca;SI;3;1948;3;Hombre;3;1;Divorciado;3065;Si;80;1;4;4;2;3
38;Frecuentes;SI;3;1060;3;Hombre;3;3;Casado;2821;No;80;1;8;2;2;2
55;Pocos;SI;2;505;3;Mujer;3;4;Soltero;16659;Si;80;0;30;5;4;2
53;Pocos;SI;13;250;4;Mujer;4;1;Divorciado;4450;No;80;2;5;4;2;3
36;Pocos;SI;6;373;4;Hombre;3;4;Casado;3210;No;80;1;16;15;13;11
31;Frecuentes;SI;2;1613;4;Hombre;3;1;Soltero;5332;No;80;0;10;5;2;3
50;Frecuentes;SI;12;174;3;Mujer;3;4;Soltero;9208;No;80;0;16;2;2;1
58;Pocos;SI;23;1308;1;Hombre;3;3;Divorciado;2372;No;80;2;2;2;2;2
33;Pocos;SI;21;1698;2;Hombre;4;2;Casado;2028;No;80;3;14;14;11;13
35;Pocos;SI;3;984;4;Hombre;3;4;Divorciado;7823;No;80;1;12;10;9;8
37;Pocos;SI;25;1161;3;Mujer;2;4;Divorciado;5731;No;80;2;9;6;2;3
33;Nunca;SI;1;1994;2;Hombre;2;3;Divorciado;2008;No;80;3;1;1;1;0
27;Nunca;SI;3;224;3;Hombre;2;3;Divorciado;2566;Si;80;1;1;1;1;1
30;Nunca;SI;3;562;3;Hombre;3;4;Casado;2097;No;80;1;9;5;3;4
40;Frecuentes;SI;26;1180;3;Mujer;2;4;Casado;4422;Si;80;1;16;1;1;0
33;Frecuentes;SI;1;52;3;Mujer;4;1;Casado;5376;No;80;2;10;5;3;3
31;Pocos;SI;20;1881;2;Hombre;3;3;Divorciado;4197;No;80;1;10;10;8;2
53;Pocos;SI;7;862;1;Mujer;2;4;Casado;10934;Si;80;1;35;5;2;4
44;Pocos;SI;4;1288;3;Hombre;4;1;Divorciado;19190;No;80;2;26;25;9;13
42;Pocos;SI;13;1803;2;Hombre;4;1;Casado;5538;No;80;2;10;0;;0
30;Pocos;SI;1;104;4;Hombre;2;4;Casado;5126;Si;80;2;10;10;8;0
46;Frecuentes;SI;5;62;1;Hombre;3;4;Soltero;5772;Si;80;0;14;9;6;8
20;Pocos;SI;2;1657;3;Mujer;3;3;Soltero;2783;No;80;0;2;2;2;2
30;Pocos;SI;20;1084;3;Hombre;3;1;Casado;9957;No;80;1;7;6;2;2
32;Pocos;SI;10;1516;3;Hombre;3;4;Soltero;11244;No;80;0;10;5;2;0
23;Pocos;SI;12;1982;4;Hombre;3;4;Soltero;2647;No;80;0;5;5;2;4
46;Pocos;SI;13;1727;3;Hombre;3;2;Soltero;5562;No;80;0;19;10;7;9
34;Frecuentes;SI;2;1140;4;Hombre;3;3;Soltero;4033;No;80;0;5;3;2;2
31;Pocos;SI;29;1784;1;Mujer;2;4;Casado;5468;No;80;2;13;12;7;7
36;Nunca;SI;18;1133;1;Hombre;3;4;Soltero;7779;No;80;0;18;11;9;9
30;Pocos;SI;7;585;4;Hombre;3;2;Soltero;2983;No;80;0;4;3;2;2
39;Pocos;SI;24;2014;1;Hombre;3;4;Soltero;4108;No;80;0;18;7;7;7
33;Pocos;SI;2;1670;4;Hombre;3;4;Divorciado;5505;No;80;2;6;6;2;4
26;Pocos;SI;29;618;1;Hombre;3;3;Divorciado;4306;No;80;2;8;0;0;0
42;Pocos;SI;2;1542;3;Hombre;2;2;Casado;4841;No;80;1;4;1;;0
43;Pocos;SI;8;920;1;Mujer;3;2;Divorciado;4765;No;80;1;4;1;0;0
56;Pocos;SI;11;1935;4;Mujer;2;1;Casado;5380;No;80;1;6;0;0;0
27;Nunca;SI;9;218;4;Hombre;3;2;Divorciado;2024;No;80;1;6;2;2;2
46;Pocos;SI;2;1228;4;Hombre;3;4;Divorciado;7379;No;80;1;12;6;3;4
30;Pocos;SI;8;1015;2;Mujer;4;1;Casado;11416;Si;80;3;9;8;7;7
33;Pocos;SI;8;1798;4;Hombre;4;1;Casado;3143;No;80;1;14;10;8;6
22;Pocos;SI;1;2007;4;Hombre;3;3;Soltero;3375;No;80;0;4;3;2;2
42;Pocos;SI;2;470;3;Hombre;3;3;Divorciado;2696;Si;80;1;4;3;2;0
31;Pocos;SI;8;1453;1;Hombre;3;4;Divorciado;10793;No;80;1;13;13;7;9
35;Pocos;SI;11;2003;4;Hombre;3;3;Casado;2660;Si;80;1;5;2;2;2
27;Pocos;SI;4;933;2;Mujer;3;3;Soltero;2318;No;80;0;1;1;1;0
32;Pocos;SI;5;1555;4;Mujer;2;2;Casado;5878;No;80;1;12;7;1;5
30;Pocos;SI;1;1499;3;Hombre;3;3;Divorciado;2064;No;80;1;6;5;3;3
53;Pocos;SI;6;769;4;Hombre;3;4;Soltero;2450;No;80;0;19;2;2;2
55;Pocos;SI;8;84;4;Mujer;3;3;Divorciado;14756;Si;80;3;21;5;0;2
25;Pocos;SI;4;527;2;Mujer;2;4;Soltero;4487;Si;80;0;5;5;4;3
34;Pocos;SI;3;1915;4;Mujer;2;4;Casado;8103;Si;80;0;9;4;2;1
46;Pocos;SI;2;1204;3;Mujer;3;1;Casado;17048;No;80;0;28;26;15;9
43;Pocos;SI;6;1866;1;Mujer;2;3;Casado;19392;No;80;0;21;16;12;14
31;Pocos;SI;10;1912;3;Mujer;3;4;Divorciado;6583;Si;80;1;8;5;2;4
47;Nunca;SI;2;1731;3;Hombre;3;2;Casado;4978;No;80;1;4;1;0;0
45;Pocos;SI;9;864;4;Hombre;3;1;Divorciado;10761;Si;80;1;18;5;4;2
54;Pocos;SI;3;303;4;Mujer;3;1;Casado;5940;No;80;1;16;6;2;5
35;Ninguno;SI;8;1630;3;Mujer;3;3;Casado;4148;No;80;1;15;14;11;9
49;Pocos;SI;4;1256;1;Hombre;2;3;Casado;18711;No;80;1;23;1;0;0
29;Pocos;SI;6;1192;2;Mujer;3;4;Casado;3131;No;80;1;10;10;8;8
33;Frecuentes;SI;3;5;4;Mujer;3;3;Casado;2909;Si;80;0;8;8;7;0
50;Pocos;SI;1;249;3;Hombre;2;3;Casado;3690;No;80;1;5;3;2;2
32;Pocos;SI;4;830;3;Mujer;2;3;Casado;6162;No;80;1;14;14;13;8
40;Pocos;SI;7;1740;2;Hombre;3;2;Soltero;19833;No;80;0;21;21;8;8
47;Pocos;SI;14;1503;3;Mujer;3;3;Casado;4591;Si;80;1;11;5;4;2
39;Frecuentes;SI;1;531;2;Hombre;3;3;Divorciado;19197;Si;80;1;21;21;8;6
27;Ninguno;SI;3;850;4;Hombre;3;4;Casado;1706;No;80;3;0;0;;0
44;Nunca;SI;23;132;2;Hombre;3;2;Casado;2042;No;80;1;17;3;2;2
27;Pocos;SI;2;54;4;Mujer;3;1;Divorciado;2341;No;80;1;1;1;;0
22;Pocos;SI;6;675;1;Hombre;3;3;Casado;2773;No;80;0;3;2;2;2
46;Pocos;SI;3;1124;1;Hombre;3;3;Casado;17465;No;80;1;23;12;9;9
24;Frecuentes;SI;10;1746;1;Hombre;3;4;Casado;2145;No;80;1;3;2;2;1
40;Frecuentes;SI;9;1166;2;Mujer;3;3;Soltero;13499;No;80;0;20;18;7;13
46;Pocos;SI;18;550;3;Mujer;3;3;Divorciado;4810;No;80;1;19;10;7;8
45;Pocos;SI;20;1460;2;Hombre;1;1;Divorciado;10851;Si;80;1;24;7;7;7
44;Frecuentes;SI;2;1496;2;Hombre;3;3;Soltero;10209;Si;80;0;16;2;2;2
59;Pocos;SI;6;321;2;Hombre;3;3;Casado;2267;No;80;0;7;2;2;2
31;Pocos;SI;9;493;3;Hombre;2;2;Soltero;2657;Si;80;0;3;2;2;2
37;Pocos;SI;1;1196;4;Mujer;2;4;Casado;6474;No;80;1;14;14;8;11
50;Pocos;SI;2;815;3;Hombre;3;3;Casado;17639;No;80;0;30;4;3;3
43;Pocos;SI;8;526;3;Mujer;3;3;Divorciado;4522;Si;80;0;8;5;2;2
45;Pocos;SI;5;1611;3;Mujer;1;1;Soltero;5769;Si;80;0;10;10;7;4
51;Pocos;SI;21;120;3;Hombre;3;4;Soltero;5441;Si;80;0;11;10;7;0
44;Nunca;SI;24;744;1;Hombre;1;3;Soltero;3708;No;80;0;9;5;2;4
29;Frecuentes;SI;2;1590;1;Hombre;3;4;Divorciado;8853;No;80;1;6;6;4;3
23;Pocos;SI;26;465;3;Hombre;3;4;Divorciado;2904;No;80;2;4;4;2;2
28;Frecuentes;SI;2;1296;4;Hombre;2;4;Casado;3867;Si;80;1;2;2;2;2
25;Pocos;SI;18;1399;1;Hombre;4;3;Casado;6232;No;80;0;6;3;2;2
18;Nunca;SI;5;1012;2;Hombre;3;4;Soltero;1051;No;80;0;0;0;0;0
31;Pocos;SI;26;16;1;Hombre;3;3;Divorciado;2911;No;80;1;5;5;2;3
35;Pocos;SI;1;100;3;Hombre;2;1;Soltero;4312;No;80;0;16;15;13;8
35;Pocos;SI;25;899;4;Hombre;2;2;Casado;10903;No;80;0;16;13;10;8
36;Pocos;SI;2;958;3;Hombre;3;3;Soltero;2519;No;80;0;16;11;8;9
20;Pocos;SI;1;657;4;Mujer;2;2;Soltero;2836;No;80;0;1;1;0;0
36;Pocos;SI;12;1614;3;Mujer;3;3;Casado;4663;Si;80;2;7;3;2;1
42;Pocos;SI;5;1029;4;Hombre;3;3;Casado;18303;No;80;0;21;1;0;0
45;Nunca;SI;1;1712;3;Hombre;2;3;Casado;10748;No;80;1;25;23;15;4
32;Nunca;SI;1;882;4;Hombre;3;4;Divorciado;2314;No;80;1;4;3;0;2
33;Pocos;SI;4;305;3;Mujer;2;2;Casado;2622;No;80;0;7;3;2;1
35;Pocos;SI;6;1291;3;Hombre;3;3;Casado;3506;Si;80;0;4;3;2;2
29;Pocos;SI;2;366;1;Hombre;2;2;Casado;6644;No;80;2;10;0;;0
41;Pocos;SI;5;1814;2;Hombre;4;2;Soltero;6870;No;80;0;11;3;2;2
43;Nunca;SI;9;1813;1;Hombre;3;3;Soltero;2438;No;80;0;7;3;2;2
50;Pocos;SI;8;738;4;Hombre;3;2;Casado;3875;No;80;1;4;2;2;2
34;Pocos;SI;1;1580;2;Hombre;3;4;Casado;5484;No;80;1;9;2;2;1
32;Pocos;SI;8;436;3;Mujer;2;2;Casado;5228;Si;80;0;13;13;12;9
29;Frecuentes;SI;20;974;3;Mujer;3;4;Casado;2157;No;80;1;3;3;1;2
28;Nunca;SI;1;1858;3;Hombre;3;4;Divorciado;2706;No;80;1;3;3;2;2
26;Frecuentes;SI;1;792;1;Mujer;1;4;Divorciado;4364;No;80;1;5;2;2;0
54;Pocos;SI;8;578;3;Mujer;3;3;Soltero;3780;No;80;0;19;1;0;0
45;Nunca;SI;6;302;4;Mujer;2;4;Soltero;8865;No;80;0;23;19;7;8
49;Pocos;SI;11;1757;4;Mujer;3;4;Soltero;4507;No;80;0;8;5;1;4
32;Frecuentes;SI;10;1720;1;Hombre;3;3;Casado;3433;No;80;1;10;5;2;3
37;Pocos;SI;2;656;4;Hombre;3;3;Casado;9602;Si;80;1;17;3;0;0
42;Pocos;SI;2;1109;4;Hombre;3;1;Casado;17665;No;80;1;23;22;6;7
34;Pocos;SI;1;1447;4;Mujer;2;2;Casado;3294;No;80;1;7;5;4;2
43;Frecuentes;SI;1;902;4;Mujer;3;4;Casado;5562;No;80;1;12;5;2;2
27;Pocos;SI;16;1001;3;Mujer;3;2;Casado;2811;No;80;1;4;2;2;2
32;Pocos;SI;2;362;4;Hombre;2;1;Soltero;2176;No;80;0;9;6;2;4
39;Pocos;SI;6;1525;2;Mujer;3;2;Soltero;8376;No;80;0;9;2;0;2
39;Pocos;SI;1;332;3;Mujer;3;3;Divorciado;2232;No;80;3;7;3;2;2
30;Pocos;SI;9;41;4;Hombre;2;3;Soltero;2206;No;80;0;10;10;0;8
31;Frecuentes;SI;1;1011;3;Mujer;3;1;Casado;4148;No;80;1;4;4;3;3
42;Frecuentes;SI;2;875;2;Hombre;3;4;Soltero;2515;Si;80;0;8;2;1;2
27;Frecuentes;SI;15;1870;4;Mujer;2;1;Casado;4774;No;80;1;8;7;6;3
29;Pocos;SI;2;94;3;Hombre;3;2;Casado;2703;No;80;1;6;5;4;4
23;Pocos;SI;10;1592;4;Hombre;4;3;Casado;2073;No;80;1;4;2;2;2
40;Pocos;SI;2;2051;3;Mujer;3;3;Casado;2001;No;80;3;20;5;3;2
54;Pocos;SI;22;1665;2;Mujer;3;3;Casado;17426;No;80;1;36;10;8;7
37;Ninguno;SI;25;529;2;Mujer;3;3;Casado;4449;Si;80;2;15;13;11;7
24;Frecuentes;SI;24;632;4;Hombre;3;4;Casado;2400;No;80;2;3;2;2;1
21;Ninguno;SI;9;484;1;Hombre;3;4;Soltero;2610;No;80;0;3;3;2;2
49;Pocos;SI;1;887;3;Mujer;3;1;Casado;3580;No;80;1;7;4;2;2
36;Pocos;SI;1;823;3;Mujer;3;2;Casado;5228;No;80;1;10;9;7;5
25;Pocos;SI;10;1240;3;Hombre;3;4;Soltero;4950;No;80;0;5;4;3;1
44;Nunca;SI;17;1206;4;Hombre;1;3;Soltero;2290;No;80;0;6;0;0;0
42;Pocos;SI;4;1171;2;Hombre;3;1;Soltero;5155;No;80;0;9;6;4;5
35;Pocos;SI;1;826;4;Mujer;4;3;Soltero;2506;No;80;0;7;2;2;2
54;Pocos;SI;10;1980;3;Mujer;3;1;Soltero;4440;Si;80;0;9;5;2;4
35;Pocos;SI;22;381;2;Mujer;4;2;Divorciado;11996;No;80;1;10;7;7;2
30;Pocos;SI;27;747;3;Hombre;3;4;Divorciado;5304;No;80;1;10;8;7;7
32;Pocos;SI;10;722;4;Hombre;3;4;Soltero;5396;No;80;0;10;10;7;8
43;Pocos;SI;4;1293;4;Mujer;2;4;Soltero;10231;No;80;0;23;21;7;17
35;Frecuentes;SI;4;1350;3;Hombre;3;3;Soltero;4249;Si;80;0;9;9;6;1
38;Pocos;SI;1;662;3;Mujer;3;1;Soltero;2619;No;80;0;8;0;0;0
46;Pocos;SI;1;1069;4;Hombre;3;4;Divorciado;19627;No;80;2;23;2;2;2
32;Nunca;SI;1;1574;4;Hombre;3;1;Casado;4087;No;80;1;9;6;5;2
38;Pocos;SI;7;382;1;Mujer;4;1;Divorciado;5605;Si;80;1;8;8;0;7
47;Pocos;SI;5;447;4;Hombre;3;3;Casado;18300;No;80;1;21;3;2;1
49;Pocos;SI;7;499;2;Hombre;2;3;Soltero;10965;No;80;0;26;5;2;0
32;Nunca;SI;26;333;3;Hombre;3;4;Casado;4465;No;80;0;4;3;2;2
41;Pocos;SI;8;1909;3;Mujer;3;2;Casado;4393;No;80;1;14;5;4;4
33;Pocos;SI;8;1560;1;Hombre;3;1;Casado;6392;No;80;1;8;2;2;2
40;Frecuentes;SI;16;832;1;Hombre;2;3;Soltero;5094;No;80;0;10;1;0;0
34;Pocos;SI;10;934;2;Hombre;3;2;Divorciado;2008;No;80;2;1;1;0;0
35;Pocos;SI;25;652;1;Hombre;2;4;Soltero;3681;No;80;0;9;3;2;2
22;Pocos;SI;2;169;3;Hombre;3;4;Casado;2523;No;80;1;3;2;1;1
25;Pocos;SI;3;879;3;Hombre;3;1;Casado;4194;Si;80;0;5;5;3;3
32;Frecuentes;SI;8;207;2;Mujer;3;4;Soltero;8998;No;80;0;9;9;8;7
36;Pocos;SI;16;1436;3;Mujer;2;1;Casado;5647;No;80;2;11;3;2;2
42;Pocos;SI;1;517;2;Mujer;3;1;Divorciado;2576;No;80;1;8;5;2;2
40;Ninguno;SI;8;1552;4;Hombre;3;4;Divorciado;4069;Si;80;0;8;2;2;2
39;Frecuentes;SI;7;444;3;Hombre;2;4;Casado;19272;No;80;1;21;21;9;3
29;Pocos;SI;3;1586;2;Hombre;3;1;Soltero;4723;Si;80;0;10;10;9;5
45;Frecuentes;SI;7;341;1;Hombre;4;3;Casado;6434;No;80;1;9;3;2;2
52;Pocos;SI;6;630;4;Hombre;3;1;Divorciado;5577;Si;80;2;18;10;9;9
29;Pocos;SI;3;564;2;Hombre;2;3;Casado;11935;No;80;0;10;10;2;7
55;Pocos;SI;1;1424;2;Hombre;4;4;Divorciado;14732;No;80;2;31;7;7;0
30;Pocos;SI;7;1609;2;Hombre;2;2;Casado;2141;No;80;1;6;60;4;1
41;Pocos;SI;9;200;3;Hombre;3;1;Casado;2238;No;80;1;7;5;0;4
30;Nunca;SI;9;1298;3;Mujer;3;3;Soltero;4695;Si;80;0;10;8;4;7
41;Nunca;SI;10;1329;3;Hombre;1;2;Soltero;6151;No;80;0;19;19;2;9
49;Frecuentes;SI;8;2;3;Hombre;2;2;Casado;5130;No;80;1;10;10;7;7
38;Nunca;SI;10;983;3;Mujer;3;4;Soltero;5666;Si;80;0;6;5;3;3
28;Pocos;SI;8;395;5;Mujer;3;4;Soltero;3310;No;80;0;5;5;3;2
32;Nunca;SI;15;1955;3;Mujer;3;4;Divorciado;6667;No;80;1;9;5;1;2
49;Pocos;SI;20;170;3;Mujer;3;1;Casado;6567;No;80;0;16;15;11;11
48;Pocos;SI;7;1466;3;Hombre;3;1;Divorciado;5486;No;80;3;15;2;2;2
45;Pocos;SI;1;996;4;Mujer;3;4;Divorciado;2270;No;80;2;8;5;3;2
30;Pocos;SI;2;548;3;Mujer;1;4;Soltero;6091;No;80;0;11;5;4;2
50;Pocos;SI;24;1005;5;Hombre;3;3;Casado;13973;Si;80;1;22;12;11;5
29;Pocos;SI;1;1264;4;Mujer;2;4;Divorciado;16124;No;80;2;9;7;7;7
55;Frecuentes;SI;2;1096;4;Hombre;3;2;Casado;10976;No;80;1;23;3;2;2
30;Nunca;SI;22;567;3;Mujer;3;1;Casado;8412;No;80;0;10;9;8;8
37;Frecuentes;SI;21;900;3;Mujer;3;4;Casado;2973;No;80;1;10;5;4;0
21;Pocos;SI;1;1131;4;Mujer;2;2;Soltero;2070;Si;80;0;2;2;2;2
54;Pocos;SI;19;698;3;Hombre;3;2;Casado;10725;No;80;1;16;9;7;1
36;Frecuentes;SI;11;154;2;Mujer;3;4;Casado;9738;No;80;1;10;9;7;8
41;Nunca;SI;2;616;1;Mujer;2;3;Soltero;6811;Si;80;0;10;8;7;7
33;Pocos;SI;28;1549;2;Hombre;3;3;Casado;5207;Si;80;1;15;15;14;7
40;Pocos;SI;6;601;2;Mujer;3;3;Soltero;13237;No;80;0;22;20;6;13
50;Frecuentes;SI;1;141;1;Mujer;3;2;Casado;18172;Si;80;0;28;8;3;7
34;Pocos;SI;2;1281;3;Mujer;3;1;Soltero;4538;Si;80;0;4;3;2;2
36;Pocos;SI;11;2045;2;Mujer;2;4;Casado;6652;No;80;1;8;6;3;0
33;Pocos;SI;13;995;2;Mujer;3;4;Soltero;3452;No;80;0;5;3;2;2
52;Pocos;SI;1;976;4;Hombre;3;4;Casado;17099;No;80;1;26;9;8;8
37;Frecuentes;SI;11;306;2;Hombre;3;4;Divorciado;12185;Si;80;3;10;10;8;7
28;Pocos;SI;29;1514;3;Hombre;1;2;Casado;6549;No;80;2;8;8;6;7
37;Pocos;SI;10;2017;3;Mujer;4;4;Casado;13744;Si;80;1;16;16;11;8
30;Pocos;SI;10;1179;3;Hombre;2;3;Casado;6578;No;80;1;10;10;3;4
56;Pocos;SI;8;1338;4;Hombre;3;2;Soltero;19717;No;80;0;36;7;3;7
33;Pocos;SI;1;612;1;Mujer;4;3;Divorciado;16184;No;80;1;10;6;1;5
36;Pocos;SI;2;501;4;Mujer;3;3;Casado;2543;No;80;1;6;2;2;2
39;Pocos;SI;4;182;4;Mujer;2;3;Casado;5902;No;80;1;17;15;11;9
25;Pocos;SI;2;854;1;Hombre;4;1;Soltero;3424;No;80;0;6;4;3;1
44;Pocos;SI;2;1703;3;Mujer;4;4;Casado;7879;Si;80;1;9;8;7;7
42;Frecuentes;SI;26;404;3;Mujer;3;2;Casado;13525;No;80;1;23;20;4;8
34;Pocos;SI;1;1047;2;Hombre;4;4;Divorciado;9725;No;80;1;16;15;1;9
42;Frecuentes;SI;29;547;1;Mujer;3;3;Divorciado;4556;No;80;1;19;5;4;2
37;Pocos;SI;10;518;3;Hombre;3;2;Soltero;4197;Si;80;0;18;1;0;1
35;Pocos;SI;6;691;2;Hombre;1;4;Soltero;6646;No;80;0;17;17;11;8
34;Pocos;SI;3;847;3;Hombre;3;4;Casado;3737;No;80;1;4;3;2;2
26;Pocos;SI;1;1083;1;Hombre;2;1;Casado;3955;No;80;2;6;5;3;3
49;Pocos;SI;6;1661;3;Mujer;2;3;Casado;13966;Si;80;1;30;15;11;12
54;Pocos;SI;2;1070;3;Mujer;2;3;Casado;10686;No;80;1;13;9;4;0
40;Pocos;SI;2;558;3;Mujer;3;3;Casado;18041;No;80;0;21;20;15;12
24;Pocos;SI;1;1981;2;Hombre;2;3;Soltero;4617;No;80;0;4;4;3;2
53;Pocos;SI;2;1472;4;Hombre;4;2;Soltero;16598;No;80;0;35;9;8;8
38;Pocos;SI;10;634;3;Mujer;3;3;Casado;9824;No;80;1;18;1;0;0
46;Nunca;SI;7;487;3;Mujer;3;3;Casado;5258;No;80;0;7;1;0;0
46;Pocos;SI;4;1280;5;Mujer;2;2;Casado;18789;No;80;1;26;11;4;8
45;Pocos;SI;4;240;3;Mujer;3;1;Divorciado;5006;Si;80;1;9;5;4;3
40;Pocos;SI;10;1239;2;Mujer;2;2;Divorciado;6852;No;80;1;7;5;1;3
46;Pocos;SI;1;288;4;Hombre;3;1;Divorciado;9396;No;80;1;17;4;2;3
43;Frecuentes;SI;27;1126;3;Mujer;3;1;Casado;10820;No;80;1;18;8;7;1
33;Pocos;SI;5;338;3;Mujer;2;4;Casado;2911;No;80;1;2;2;2;2
24;Pocos;SI;10;507;4;Mujer;3;3;Divorciado;4260;Si;80;1;5;5;2;3
35;Pocos;SI;16;14;1;Hombre;4;2;Casado;2426;No;80;1;6;5;4;3
36;Pocos;SI;10;1880;2;Mujer;2;3;Casado;5673;Si;80;1;10;10;9;7
51;Frecuentes;SI;9;1282;4;Hombre;3;2;Divorciado;19847;Si;80;1;31;29;10;10
34;Frecuentes;SI;1;1184;4;Hombre;2;1;Soltero;5343;No;80;0;14;13;9;9
27;Pocos;SI;17;233;3;Hombre;3;2;Casado;3058;Si;80;1;6;5;2;1
22;Pocos;SI;1;872;4;Hombre;;4;Casado;4775;No;80;2;4;2;2;2
34;Pocos;SI;1;110;1;Hombre;3;2;Casado;4325;No;80;0;5;5;2;3
45;Nunca;SI;2;264;1;Hombre;;4;Casado;16792;No;80;1;22;20;8;8
45;Pocos;SI;20;2046;4;Mujer;3;3;Soltero;4850;No;80;0;8;5;3;1
29;Pocos;SI;7;1883;4;Hombre;3;1;Soltero;2062;No;80;0;11;3;2;2
51;Pocos;SI;6;162;1;Hombre;3;3;Soltero;19537;No;80;0;23;20;18;15
54;Pocos;SI;2;126;1;Mujer;3;3;Casado;13549;No;80;1;16;4;3;3
38;Pocos;SI;17;1088;3;Mujer;;3;Casado;8823;No;80;1;20;19;9;9
45;Pocos;SI;10;544;1;Hombre;3;4;Casado;2654;No;80;2;8;2;2;2
32;Nunca;SI;1;951;3;Mujer;2;2;Casado;2332;No;80;0;5;3;0;2
49;Nunca;SI;18;275;4;Hombre;3;4;Divorciado;6804;Si;80;2;7;7;7;7
42;Frecuentes;SI;8;809;2;Hombre;3;4;Divorciado;18430;No;80;1;24;24;7;9
37;Nunca;SI;9;626;1;Hombre;3;2;Divorciado;8834;No;80;1;9;9;5;7
33;Pocos;SI;2;242;3;Hombre;3;4;Soltero;2500;No;80;0;4;3;1;2
38;Pocos;SI;15;461;3;Hombre;2;4;Divorciado;11510;Si;80;1;12;11;10;9
35;Pocos;SI;18;1621;2;Hombre;4;1;Casado;5208;No;80;0;16;16;15;10
36;Pocos;SI;7;1659;1;Hombre;3;2;Soltero;2013;No;80;0;15;4;3;3
38;Pocos;SI;9;1940;2;Hombre;3;4;Divorciado;4771;No;80;2;10;5;2;3
37;Pocos;SI;3;1062;4;Mujer;3;2;Soltero;4107;No;80;0;8;4;3;1
51;Pocos;SI;26;851;1;Mujer;3;3;Casado;16307;No;80;1;29;20;6;17
38;Frecuentes;SI;2;556;5;Hombre;3;4;Casado;1702;Si;80;1;1;1;0;0
42;Nunca;SI;2;1334;3;Hombre;3;3;Casado;17861;Si;80;0;21;20;8;10
35;Pocos;SI;8;805;1;Mujer;3;4;Casado;2572;No;80;1;3;3;2;2
38;Frecuentes;SI;10;1563;3;Hombre;3;3;Casado;6077;No;80;0;10;6;3;2
53;Nunca;SI;1;1775;1;Mujer;2;3;Casado;12965;Si;80;3;27;3;2;2
39;Pocos;SI;19;1871;4;Hombre;3;4;Divorciado;3902;No;80;3;7;2;2;2
35;Pocos;SI;1;105;2;Hombre;2;3;Soltero;2859;No;80;0;6;6;4;4
32;Frecuentes;SI;13;1234;3;Mujer;2;2;Casado;2743;No;80;1;2;2;2;2
34;Pocos;SI;14;666;3;Mujer;3;3;Divorciado;2579;Si;80;2;8;8;2;6
32;Pocos;SI;1;2016;3;Mujer;3;4;Casado;10422;No;80;2;14;14;10;7
26;Pocos;SI;4;1275;3;Hombre;3;4;Soltero;2875;Si;80;0;8;8;5;2
39;Frecuentes;SI;4;1633;1;Mujer;3;3;Soltero;5042;No;80;0;10;9;2;8
24;Ninguno;SI;4;888;1;Hombre;;4;Casado;3162;No;80;0;6;5;2;4
38;Frecuentes;SI;6;1997;1;Hombre;2;3;Casado;5321;No;80;1;10;8;3;7
35;Ninguno;SI;2;1804;2;Hombre;3;4;Divorciado;5762;No;80;1;15;7;7;7
30;Pocos;SI;2;117;3;Hombre;2;4;Casado;4152;No;80;3;11;11;10;8
31;Frecuentes;SI;1;1956;4;Hombre;1;1;Casado;5003;No;80;0;10;10;8;7
40;Pocos;SI;6;1550;3;Hombre;3;4;Soltero;16437;Si;80;0;21;21;7;7
32;Pocos;SI;1;78;1;Hombre;3;4;Casado;6162;Si;80;1;9;9;8;8
27;Frecuentes;SI;2;1371;4;Hombre;1;4;Soltero;5071;No;80;0;8;6;2;0
25;Pocos;SI;8;707;4;Hombre;4;2;Casado;4851;No;80;1;4;3;2;2
36;Pocos;SI;1;1585;2;Mujer;3;3;Soltero;6815;No;80;0;15;1;0;0
54;Pocos;SI;19;799;4;Mujer;3;1;Divorciado;5485;Si;80;2;9;5;3;4
26;Pocos;SI;1;476;3;Hombre;3;3;Casado;5296;No;80;1;8;8;7;7
33;Frecuentes;SI;10;446;2;Hombre;2;4;Soltero;4682;No;80;0;9;7;7;1
34;Pocos;SI;2;804;3;Mujer;2;1;Soltero;4381;No;80;0;6;6;5;3
43;Pocos;SI;2;1706;4;Hombre;3;4;Casado;7847;Si;80;1;10;10;9;8
34;Pocos;SI;8;775;2;Mujer;3;1;Divorciado;5121;No;80;1;7;0;0;0
32;Pocos;SI;7;420;4;Hombre;2;3;Casado;5484;No;80;1;13;13;8;8
47;Ninguno;SI;1;2000;3;Mujer;3;2;Casado;11957;No;80;2;14;13;8;12
30;Nunca;SI;7;1482;3;Hombre;3;3;Divorciado;1274;No;80;2;1;1;0;0
49;Pocos;SI;5;1473;1;Hombre;3;3;Casado;6651;No;80;1;20;3;2;2
60;Frecuentes;SI;28;573;3;Mujer;2;1;Casado;10266;No;80;0;22;18;13;11
34;Pocos;SI;5;1696;2;Hombre;2;4;Casado;3986;No;80;1;15;15;10;13
27;Pocos;SI;4;1259;1;Hombre;3;3;Divorciado;2517;No;80;3;5;5;3;3
34;Pocos;SI;21;621;4;Hombre;4;4;Soltero;5337;No;80;0;10;10;7;7
44;Pocos;SI;5;1267;2;Hombre;3;2;Casado;18213;No;80;1;26;22;9;10
34;Frecuentes;SI;22;1932;3;Hombre;2;4;Casado;5747;Si;80;0;16;15;10;11
59;Pocos;SI;3;10;3;Mujer;4;1;Casado;2670;Si;80;3;12;1;0;0
29;Pocos;SI;9;455;2;Hombre;;4;Soltero;3983;No;80;0;4;3;2;2
34;Frecuentes;SI;11;1289;3;Hombre;2;2;Casado;4490;No;80;2;14;10;9;8
47;Pocos;SI;2;903;3;Mujer;3;4;Casado;4537;Si;80;1;8;7;6;7
46;Frecuentes;SI;18;624;1;Mujer;3;3;Casado;10527;No;80;0;28;2;2;2
45;Pocos;SI;29;1465;2;Hombre;3;4;Casado;9380;Si;80;2;10;3;1;2
46;Pocos;SI;1;1602;4;Hombre;4;1;Soltero;17567;No;80;0;27;26;;12
53;Pocos;SI;7;1201;4;Mujer;3;3;Divorciado;18606;No;80;1;26;7;7;7
34;Pocos;SI;8;1823;2;Hombre;4;3;Casado;6799;No;80;2;10;10;8;8
35;Pocos;SI;17;1218;3;Hombre;3;1;Casado;8966;Si;80;3;15;7;7;7
32;Pocos;SI;2;471;3;Mujer;3;2;Casado;2370;No;80;1;8;8;0;7
55;Pocos;SI;2;1336;4;Mujer;1;3;Casado;19187;No;80;1;23;19;9;11
26;Pocos;SI;17;1718;4;Hombre;1;3;Casado;2305;No;80;3;3;3;2;2
33;Pocos;SI;7;817;3;Hombre;3;3;Casado;11691;No;80;0;14;13;9;7
44;Pocos;SI;7;36;1;Mujer;;4;Casado;10248;No;80;1;24;22;6;17
50;Pocos;SI;7;80;2;Mujer;2;3;Divorciado;18740;Si;80;1;29;27;3;8
43;Pocos;SI;14;843;2;Hombre;3;1;Casado;17159;No;80;1;22;4;1;0
36;Pocos;SI;9;699;2;Hombre;2;2;Divorciado;8847;Si;80;1;13;3;2;2
39;Pocos;SI;15;1975;2;Hombre;3;1;Soltero;13341;No;80;0;21;20;8;10
48;Nunca;SI;1;1116;1;Hombre;4;4;Soltero;16885;No;80;0;27;5;4;1
54;Pocos;SI;17;1013;3;Mujer;3;3;Casado;10739;No;80;1;22;10;7;8
24;Pocos;SI;4;1445;4;Mujer;3;3;Casado;4162;Si;80;2;5;5;4;3
33;Nunca;SI;4;1771;4;Hombre;3;2;Divorciado;3055;No;80;2;11;9;8;7
36;Nunca;SI;10;592;2;Hombre;3;4;Soltero;9980;No;80;0;10;10;3;7
48;Pocos;SI;1;664;4;Mujer;2;1;Casado;15402;No;80;1;21;3;2;2
48;Pocos;SI;16;1557;3;F;3;3;Divorciado;6439;No;80;1;18;8;7;7
51;Pocos;SI;3;258;4;Mujer;3;2;Soltero;13734;No;80;0;21;7;7;0
40;Nunca;SI;8;1468;4;M;2;2;Divorciado;13757;No;80;1;16;9;8;8
55;Pocos;SI;22;1694;1;Hombre;2;2;Divorciado;3537;No;80;1;8;4;2;2
43;Frecuentes;SI;21;525;4;Hombre;3;4;Casado;2258;No;80;1;8;3;2;2
24;Frecuentes;SI;2;1646;1;Mujer;3;4;Soltero;3760;Si;80;0;6;6;3;3
35;Pocos;SI;1;600;2;Hombre;3;3;Casado;4717;No;80;0;15;11;9;9
33;Frecuentes;SI;7;1477;4;Hombre;3;1;Casado;4373;No;80;2;5;4;3;3
38;Frecuentes;SI;29;79;4;Mujer;3;4;Soltero;2406;No;80;0;10;10;3;9
33;Pocos;SI;25;1545;4;M;2;2;Soltero;4320;No;80;0;5;5;3;2
26;Pocos;SI;23;72;3;Mujer;2;4;Casado;4157;Si;80;1;5;2;2;0
49;Pocos;SI;22;1655;1;Mujer;3;2;Casado;16413;No;80;2;27;4;2;2
19;Pocos;SI;25;1269;2;F;4;4;Soltero;2994;Si;80;0;1;1;0;1
28;Pocos;SI;9;930;3;Mujer;3;3;Divorciado;2377;No;80;1;6;2;2;2
35;Pocos;SI;1;1564;4;Hombre;2;1;Soltero;2450;No;80;0;3;3;0;2
29;Nunca;SI;1;208;4;Hombre;3;3;Casado;4319;No;80;1;10;100;7;9
41;Pocos;SI;14;227;1;Hombre;3;3;Divorciado;2451;No;80;1;13;9;8;8
60;Pocos;SI;7;549;1;Mujer;3;1;Casado;19566;No;80;0;33;29;8;10
29;Pocos;SI;1;1249;1;Mujer;3;4;Divorciado;3760;No;80;3;3;3;2;2
36;Frecuentes;SI;3;238;4;Hombre;3;2;Soltero;2088;No;80;0;13;8;7;2
30;Pocos;SI;7;1224;3;Hombre;3;3;Divorciado;3491;No;80;3;10;10;7;9
45;Frecuentes;SI;1;1922;2;Hombre;3;3;Soltero;5399;No;80;0;12;4;2;3
59;Pocos;SI;1;1048;2;Hombre;3;4;Casado;11904;Si;80;1;14;6;4;4
29;Pocos;SI;3;690;2;Mujer;3;3;Casado;5561;No;80;1;6;6;0;2
30;Frecuentes;SI;5;861;2;M;2;4;Divorciado;3761;No;80;1;10;5;4;3
40;Frecuentes;SI;9;964;4;Hombre;3;2;Divorciado;3617;Si;80;1;3;1;1;0
48;Pocos;SI;1;1263;4;Hombre;2;4;Soltero;18265;No;80;0;25;1;0;0
19;Pocos;SI;9;1193;3;Hombre;3;1;Soltero;2552;No;80;0;1;1;1;0
40;Pocos;SI;1;1361;2;Hombre;3;2;Casado;2387;No;80;1;7;4;2;3
34;Pocos;SI;9;1344;4;M;3;4;Divorciado;8500;No;80;1;10;9;7;6
32;Pocos;SI;2;1671;4;Hombre;3;2;Divorciado;5470;No;80;2;10;9;5;6
40;Pocos;SI;24;335;1;Hombre;3;4;Divorciado;3319;No;80;2;9;9;8;7
33;Pocos;SI;8;677;3;Hombre;3;3;Divorciado;7104;No;80;0;6;5;0;2
34;Nunca;SI;23;60;2;Hombre;3;3;Soltero;4568;No;80;0;10;9;5;7
57;Pocos;SI;24;223;3;Hombre;4;4;Divorciado;9439;Si;80;1;12;5;3;4
39;Pocos;SI;2;909;4;Mujer;2;4;Casado;5204;No;80;2;13;5;4;4
29;Pocos;SI;13;2053;4;Hombre;2;2;Casado;4025;Si;80;1;10;4;3;3
49;Pocos;SI;8;944;1;Mujer;3;2;Casado;7403;No;80;1;29;26;9;7
31;Nunca;SI;2;1324;4;F;3;3;Divorciado;9852;Si;80;1;10;10;8;6
32;Pocos;SI;1;96;2;Hombre;3;2;Casado;6220;No;80;2;10;10;4;9
52;Pocos;SI;11;813;4;Mujer;3;3;Casado;3149;No;80;1;9;5;2;4
44;Frecuentes;SI;1;1642;1;Hombre;3;4;Casado;5743;Si;80;0;14;10;7;2
35;Pocos;SI;7;845;3;Hombre;3;3;Soltero;10221;No;80;0;17;8;5;6
47;Frecuentes;SI;16;987;3;Hombre;4;3;Divorciado;5067;Si;80;0;20;19;10;7
35;Pocos;SI;26;2040;3;Mujer;3;4;Soltero;8837;Si;80;0;9;9;0;7
31;Pocos;SI;7;462;3;Mujer;3;4;Soltero;7143;Si;80;0;11;11;9;10
42;Pocos;SI;3;894;3;Mujer;4;4;Casado;5231;Si;80;1;17;5;3;3
37;Nunca;SI;5;1440;3;Hombre;4;3;Soltero;3500;No;80;0;7;6;5;3
23;Pocos;SI;4;1735;3;Mujer;3;2;Soltero;3295;No;80;0;3;3;2;2
36;Frecuentes;SI;18;407;3;Hombre;4;4;Casado;3688;No;80;2;4;1;0;0
38;Frecuentes;SI;2;803;1;Mujer;4;1;Soltero;5980;Si;80;0;17;15;7;12
40;Pocos;SI;2;1375;2;Mujer;4;3;Divorciado;6377;No;80;3;15;12;11;8
18;Pocos;SI;10;411;4;F;2;3;Soltero;1200;No;80;0;0;0;0;0
30;Pocos;SI;15;1754;3;Hombre;2;1;Divorciado;7140;No;80;1;12;7;7;7
